{"scene": "FloorPlan3", "agent": {"position": {"x": 0.0, "y": 1.123205542564392, "z": -2.25}, "rotation": {"x": -0.0, "y": 85.05268096923828, "z": 0.0}, "cameraHorizon": -0.0}, "objects": [{"objectName": "Potato_35885ea7", "rotation": {"x": 0.0037427935749292374, "y": 270.0149841308594, "z": 0.009852416813373566}, "position": {"x": 0.7002513408660889, "y": 1.3516621589660645, "z": -2.2877047061920166}, "type": "Potato", "is_goal_object": true}, {"objectName": "Microwave_bf480715", "rotation": {"x": 0.0018110765377059579, "y": 269.9717712402344, "z": 0.0012483828468248248}, "position": {"x": 0.994057297706604, "y": 1.3103485107421875, "z": -2.163952112197876}, "type": "Microwave", "is_goal_object": true}], "unrelated_objects": []}