{"scene": "FloorPlan12", "agent": {"position": {"x": 0.75, "y": 0.9799999594688416, "z": 0.75}, "rotation": {"x": -0.0, "y": 93.23233795166016, "z": 0.0}, "cameraHorizon": 30.000001907348633}, "objects": [{"objectName": "Tomato_cd5367b5", "rotation": {"x": 35.586158752441406, "y": 351.0756530761719, "z": 39.297828674316406}, "position": {"x": 1.76253342628479, "y": 0.9881186485290527, "z": 0.6956340670585632}, "type": "Tomato", "is_goal_object": true}, {"objectName": "Plate_1d2a562d", "rotation": {"x": 359.9924621582031, "y": -0.0006465518963523209, "z": -0.004220596514642239}, "position": {"x": 1.6698517799377441, "y": 0.927574872970581, "z": 0.87333083152771}, "type": "Plate", "is_goal_object": true}]}
