{"scene": "FloorPlan30", "agent": {"position": {"x": 0.0, "y": 0.9277887344360352, "z": 0.75}, "rotation": {"x": -0.0, "y": 104.62097930908203, "z": 0.0}, "cameraHorizon": 30.000003814697266}, "objects": [{"objectName": "Knife_42f164e7", "rotation": {"x": 0.212311789393425, "y": 85.48445129394531, "z": 89.67089080810547}, "position": {"x": 0.4428458511829376, "y": 0.907748818397522, "z": 0.6606651544570923}, "type": "Knife", "is_goal_object": true}, {"objectName": "Tomato_5f4bf236", "rotation": {"x": 359.5859375, "y": 44.636260986328125, "z": 359.0476379394531}, "position": {"x": 0.4116646945476532, "y": 0.9427509307861328, "z": 0.4740736484527588}, "type": "Tomato", "is_goal_object": true}], "unrelated_objects": []}