{"scene": "FloorPlan29", "agent": {"position": {"x": 1.25, "y": 0.9317981004714966, "z": -0.75}, "rotation": {"x": 0.0, "y": 192.07118225097656, "z": 0.0}, "cameraHorizon": 30.00000762939453}, "objects": [{"objectName": "Tomato_a8e81752", "rotation": {"x": 26.00384521484375, "y": 2.7295234203338623, "z": 22.926315307617188}, "position": {"x": 1.0810413360595703, "y": 1.0939162969589233, "z": -1.3235208988189697}, "type": "Tomato", "is_goal_object": true}, {"objectName": "Knife_116ebbc3", "rotation": {"x": 0.019254302605986595, "y": 274.40960693359375, "z": 270.0313720703125}, "position": {"x": 1.1582130193710327, "y": 1.0427520275115967, "z": -1.1464321613311768}, "type": "Knife", "is_goal_object": true}], "unrelated_objects": []}