{"scene": "FloorPlan12", "agent": {"position": {"x": -0.25, "y": 0.9799999594688416, "z": 1.0}, "rotation": {"x": 0.0, "y": 261.6451110839844, "z": 0.0}, "cameraHorizon": 30.00000762939453}, "objects": [{"objectName": "Tomato_cd5367b5", "rotation": {"x": -1.4159434613247868e-05, "y": -3.777214629963055e-08, "z": 359.9172668457031}, "position": {"x": -0.6960855722427368, "y": 0.9884485602378845, "z": 0.9344866275787354}, "type": "Tomato", "is_goal_object": true}, {"objectName": "Bowl_5701bc23", "rotation": {"x": 0.09733475744724274, "y": 359.9847412109375, "z": 0.06771916151046753}, "position": {"x": -0.9600310921669006, "y": 0.9271593689918518, "z": 1.076380968093872}, "type": "Bowl", "is_goal_object": true}], "unrelated_objects": []}