{"scene": "FloorPlan16", "agent": {"position": {"x": 1.75, "y": 0.9037266969680786, "z": -1.0}, "rotation": {"x": -0.0, "y": 174.1543731689453, "z": 0.0, "cameraHorizon": -0.0}}, "objects": []}