{"scene": "FloorPlan25", "agent": {"position": {"x": -1.0, "y": 0.9009992480278015, "z": 1.0}, "rotation": {"x": -0.0, "y": 179.81118774414062, "z": 0.0}, "cameraHorizon": 30.000003814697266}, "objects": [{"objectName": "Plate_93086e51", "rotation": {"x": -0.0007316478877328336, "y": 3.422553709242493e-05, "z": 0.00024871702771633863}, "position": {"x": -0.9844608902931213, "y": 0.8134283423423767, "z": 0.1297575980424881}, "type": "Plate", "is_goal_object": true}, {"objectName": "Egg_bf87faf0", "rotation": {"x": 359.9303894042969, "y": -2.738639886956662e-05, "z": 0.048666488379240036}, "position": {"x": -0.9976919889450073, "y": 0.8398253917694092, "z": 0.2996203899383545}, "type": "Egg", "is_goal_object": true}, {"objectName": "Microwave_57551223", "rotation": {"x": 359.9922790527344, "y": 89.98697662353516, "z": 0.008044155314564705}, "position": {"x": -2.7948074340820312, "y": 0.8118492960929871, "z": 1.3505394458770752}, "type": "Microwave", "is_goal_object": false}, {"objectName": "Ladle_31ad1cb4", "rotation": {"x": 346.9178771972656, "y": 90.15247344970703, "z": 358.21881103515625}, "position": {"x": -0.15573528409004211, "y": 0.8389087319374084, "z": 0.27719366550445557}, "type": "Ladle", "is_goal_object": false}], "unrelated_objects": []}