{"scene": "FloorPlan13", "agent": {"position": {"x": -1.0, "y": 0.8995019197463989, "z": 6.0}, "rotation": {"x": -0.0, "y": 96.85201263427734, "z": 0.0}, "cameraHorizon": 30.000001907348633}, "objects": [{"objectName": "Knife_28c6472d", "rotation": {"x": 354.564453125, "y": 2.3268983364105225, "z": 344.9841003417969}, "position": {"x": -0.4022170603275299, "y": 0.9425260424613953, "z": 5.9288225173950195}, "type": "Knife", "is_goal_object": true}, {"objectName": "Lettuce_18cb7485", "rotation": {"x": 4.937930583953857, "y": 112.4082260131836, "z": 112.58843994140625}, "position": {"x": -0.29635679721832275, "y": 0.9760103821754456, "z": 5.7718915939331055}, "type": "Lettuce", "is_goal_object": true}], "unrelated_objects": []}