{"scene": "FloorPlan6", "agent": {"position": {"x": 1.0, "y": 0.9009991884231567, "z": -0.75}, "rotation": {"x": -0.0, "y": 44.875205993652344, "z": 0.0}, "cameraHorizon": -0.0}, "objects": [{"objectName": "Pan_eb61f4ff", "rotation": {"x": 359.9825439453125, "y": 315.0003356933594, "z": 359.9744873046875}, "position": {"x": 1.4114153385162354, "y": 0.9264348149299622, "z": 0.06421227008104324}, "type": "Pan", "is_goal_object": true}, {"objectName": "Egg_45bb54d2", "rotation": {"x": 359.5498046875, "y": 225.0015869140625, "z": 359.591064453125}, "position": {"x": 1.298367977142334, "y": 0.9570016264915466, "z": 0.20121705532073975}, "type": "Egg", "is_goal_object": true}], "unrelated_objects": []}