{"scene": "FloorPlan2", "agent": {"position": {"x": -0.75, "y": 0.9009992480278015, "z": 1.0}, "rotation": {"x": -0.0, "y": 74.84984588623047, "z": 0.0}, "cameraHorizon": 30.00000762939453}, "objects": [{"objectName": "Pan_2f38a984", "rotation": {"x": 0.010915793478488922, "y": 0.0009204192901961505, "z": 0.0023094569332897663}, "position": {"x": 0.00041542568942531943, "y": 0.9158315062522888, "z": 1.2023018598556519}, "type": "Pan", "is_goal_object": true}, {"objectName": "Bread_8485511e", "rotation": {"x": 5.656356279359898e-06, "y": 90.00000762939453, "z": 8.758497642702423e-06}, "position": {"x": -0.36147230863571167, "y": 0.9874749779701233, "z": 1.105197787284851}, "type": "Bread", "is_goal_object": true}], "unrelated_objects": []}