{"scene": "FloorPlan6", "agent": {"position": {"x": 1.0, "y": 0.9009991884231567, "z": 0.5}, "rotation": {"x": -0.0, "y": 102.41553497314453, "z": 0.0}, "cameraHorizon": 30.000003814697266}, "objects": [{"objectName": "Tomato_90b0ac7d", "rotation": {"x": -0.0, "y": 0.0, "z": 0.0}, "position": {"x": 1.426984429359436, "y": 0.9526296257972717, "z": 0.406000018119812}, "type": "Tomato", "is_goal_object": true}], "unrelated_objects": []}