{"scene": "FloorPlan15", "agent": {"position": {"x": -1.75, "y": 0.914953351020813, "z": 3.25}, "rotation": {"x": 0.0, "y": 353.4604797363281, "z": 0.0}, "cameraHorizon": 30.00000762939453}, "objects": [{"objectName": "Sink_b9633776", "rotation": {"x": -0.0, "y": 0.0, "z": 0.0}, "position": {"x": -1.7970000505447388, "y": 0.9179999828338623, "z": 3.6600000858306885}, "type": "Sink", "is_goal_object": true}, {"objectName": "Mug_dfaf7227", "rotation": {"x": 0.00031879774178378284, "y": 90.00045776367188, "z": 0.020570755004882812}, "position": {"x": -2.3134915828704834, "y": 0.9026240706443787, "z": 3.71155047416687}, "type": "Mug", "is_goal_object": true}, {"objectName": "Faucet_947f9b81", "rotation": {"x": -0.0, "y": 180.0, "z": -0.0}, "position": {"x": -1.7968000173568726, "y": 0.9030430912971497, "z": 3.9310998916625977}, "type": "Faucet", "is_goal_object": true}], "unrelated_objects": []}