{"scene": "FloorPlan12", "agent": {"position": {"x": 0.75, "y": 0.9799999594688416, "z": 1.75}, "rotation": {"x": -0.0, "y": 97.94412994384766, "z": 0.0}, "cameraHorizon": 30.00000762939453}, "objects": [{"objectName": "Sink_42ad365f", "rotation": {"x": -0.0, "y": 180.0, "z": 0.0}, "position": {"x": 1.5440000295639038, "y": 0.8697999715805054, "z": 1.63919997215271}, "type": "Sink", "is_goal_object": true}, {"objectName": "Cup_cdef1de3", "rotation": {"x": 4.023526191711426, "y": 359.832763671875, "z": 353.77349853515625}, "position": {"x": 1.6406002044677734, "y": 0.9324160814285278, "z": 1.8724052906036377}, "type": "Cup", "is_goal_object": true}, {"objectName": "Faucet_0636a64a", "rotation": {"x": -0.0, "y": 270.0, "z": 0.0}, "position": {"x": 1.7070000171661377, "y": 0.9251999855041504, "z": 1.3639999628067017}, "type": "Faucet", "is_goal_object": true}], "unrelated_objects": []}