{"scene": "FloorPlan15", "agent": {"position": {"x": -2.75, "y": 0.914953351020813, "z": 1.5}, "rotation": {"x": 0.0, "y": 320.17413330078125, "z": 0.0}, "cameraHorizon": 30.000003814697266}, "objects": [{"objectName": "Pot_98a1f716", "rotation": {"x": -0.0, "y": 0.0, "z": 0.0}, "position": {"x": -3.143199920654297, "y": 0.9667999744415283, "z": 1.971500039100647}, "type": "Pot", "is_goal_object": true}], "unrelated_objects": []}