{"scene": "FloorPlan4", "agent": {"position": {"x": -3.25, "y": 0.9009997844696045, "z": 1.25}, "rotation": {"x": 0.0, "y": 187.66452026367188, "z": 0.0, "cameraHorizon": -0.0}}, "objects": []}