{"scene": "FloorPlan30", "agent": {"position": {"x": 0.5, "y": 0.9277887344360352, "z": -0.25}, "rotation": {"x": -0.0, "y": 9.943821907043457, "z": 0.0}, "cameraHorizon": 30.000003814697266}, "objects": [{"objectName": "Plate_b49529ec", "rotation": {"x": -4.0996768802870065e-05, "y": 36.81243133544922, "z": 359.9931640625}, "position": {"x": 0.6670613288879395, "y": 0.9146872758865356, "z": 0.41600459814071655}, "type": "Plate", "is_goal_object": true}, {"objectName": "Tomato_5f4bf236", "rotation": {"x": 359.7955017089844, "y": 44.42660903930664, "z": 0.8961368203163147}, "position": {"x": 0.5696536302566528, "y": 0.9427105188369751, "z": 0.14888045191764832}, "type": "Tomato", "is_goal_object": true}]}
