{"scene": "FloorPlan26", "agent": {"position": {"x": -0.5, "y": 0.9015907645225525, "z": 1.0}, "rotation": {"x": -0.0, "y": 164.38076782226562, "z": 0.0}, "cameraHorizon": 30.000001907348633}, "objects": [{"objectName": "Apple_bb0e1437", "rotation": {"x": -0.0, "y": 0.0, "z": 0.0}, "position": {"x": -0.3889153003692627, "y": 0.9804548621177673, "z": 0.6026540994644165}, "type": "Apple", "is_goal_object": true}], "unrelated_objects": []}