{"scene": "FloorPlan2", "agent": {"position": {"x": 0.75, "y": 0.9009992480278015, "z": 1.25}, "rotation": {"x": 0.0, "y": 264.3408203125, "z": 0.0}, "cameraHorizon": 30.000003814697266}, "objects": [{"objectName": "Knife_c4e30f36", "rotation": {"x": 0.005470768082886934, "y": 4.573386192321777, "z": 269.97760009765625}, "position": {"x": 0.24644771218299866, "y": 0.9219446182250977, "z": 1.2001004219055176}, "type": "Knife", "is_goal_object": true}, {"objectName": "Potato_bb7defe9", "rotation": {"x": 0.0003082220791839063, "y": -4.8936009989120066e-05, "z": -0.004876755177974701}, "position": {"x": 0.09415048360824585, "y": 0.9400351643562317, "z": 1.1960783004760742}, "type": "Potato", "is_goal_object": true}], "unrelated_objects": []}