{"scene": "FloorPlan10", "agent": {"position": {"x": -0.0, "y": 0.9009992480278015, "z": -0.75}, "rotation": {"x": 0.0, "y": 278.1300964355469, "z": 0.0}, "cameraHorizon": 30.000001907348633}, "objects": [{"objectName": "Sink_f8a7c4b6", "rotation": {"x": -0.0, "y": 0.0, "z": 0.0}, "position": {"x": -0.699999988079071, "y": 0.9279999732971191, "z": -0.6499999761581421}, "type": "Sink", "is_goal_object": true}, {"objectName": "Mug_a169cd85", "rotation": {"x": 359.9776306152344, "y": 89.99903869628906, "z": 359.94580078125}, "position": {"x": -0.6999953389167786, "y": 0.8368299007415771, "z": -0.6499999761581421}, "type": "Mug", "is_goal_object": true}, {"objectName": "Faucet_011a22ab", "rotation": {"x": -0.0, "y": 90.0, "z": -0.0}, "position": {"x": -0.9459999799728394, "y": 0.9506000280380249, "z": -0.6499999761581421}, "type": "Faucet", "is_goal_object": true}], "unrelated_objects": []}