{"scene": "FloorPlan4", "agent": {"position": {"x": -3.5, "y": 0.9009997844696045, "z": 1.25}, "rotation": {"x": -0.0, "y": 178.59994506835938, "z": 0.0}, "cameraHorizon": -0.0}, "objects": [{"objectName": "Pan_c26797bd", "rotation": {"x": 359.8131408691406, "y": 89.97615814208984, "z": 359.7797546386719}, "position": {"x": -3.000295400619507, "y": 1.1344813108444214, "z": 0.22736960649490356}, "type": "Pan", "is_goal_object": true}, {"objectName": "Egg_83a5d181", "rotation": {"x": 44.4853401184082, "y": 196.3797607421875, "z": 269.9392395019531}, "position": {"x": -2.7489614486694336, "y": 1.136631965637207, "z": 0.25916510820388794}, "type": "Egg", "is_goal_object": true}], "unrelated_objects": []}