{"scene": "FloorPlan18", "agent": {"position": {"x": 0.75, "y": 0.9009997248649597, "z": 3.0}, "rotation": {"x": -0.0, "y": 92.86833190917969, "z": 0.0}, "cameraHorizon": 60.000003814697266}, "objects": [{"objectName": "Knife_34603df2", "rotation": {"x": 0.0010142831597477198, "y": 273.6472473144531, "z": 270.0035400390625}, "position": {"x": 1.5849153995513916, "y": 0.9886356592178345, "z": 2.9886474609375}, "type": "Knife", "is_goal_object": true}, {"objectName": "Apple_91415d28", "rotation": {"x": 359.9939880371094, "y": 224.99996948242188, "z": 359.98931884765625}, "position": {"x": 1.4391053915023804, "y": 1.058448314666748, "z": 3.076347827911377}, "type": "Apple", "is_goal_object": true}], "unrelated_objects": []}