{"scene": "FloorPlan5", "agent": {"position": {"x": -0.5, "y": 0.9009991884231567, "z": -1.25}, "rotation": {"x": 0.0, "y": 241.90310668945312, "z": 0.0}, "cameraHorizon": 30.000003814697266}, "objects": [{"objectName": "Lettuce_895e9ec5", "rotation": {"x": -0.0, "y": 0.0, "z": 0.0}, "position": {"x": -0.9108418226242065, "y": 0.9696060419082642, "z": -1.4693405628204346}, "type": "Lettuce", "is_goal_object": true}], "unrelated_objects": []}