{"scene": "FloorPlan17", "agent": {"position": {"x": 0.75, "y": 0.9089995622634888, "z": 0.5}, "rotation": {"x": -0.0, "y": 97.95708465576172, "z": 0.0}, "cameraHorizon": 30.00000762939453}, "objects": [{"objectName": "Apple_e353d0e6", "rotation": {"x": 359.9814758300781, "y": 1.9833237274724524e-06, "z": 359.9885559082031}, "position": {"x": 1.3414145708084106, "y": 0.9627829194068909, "z": 0.25585126876831055}, "type": "Apple", "is_goal_object": true}, {"objectName": "Knife_5e0a18d9", "rotation": {"x": 0.0004857972089666873, "y": 4.704227924346924, "z": 270.0010681152344}, "position": {"x": 1.3182224035263062, "y": 0.9069374203681946, "z": 0.42057517170906067}, "type": "Knife", "is_goal_object": true}], "unrelated_objects": []}