{"scene": "FloorPlan29", "agent": {"position": {"x": 0.5, "y": 0.9317981004714966, "z": 1.5}, "rotation": {"x": 0.0, "y": 183.1514892578125, "z": 0.0}, "cameraHorizon": 30.00000762939453}, "objects": [{"objectName": "Knife_116ebbc3", "rotation": {"x": 0.003908789250999689, "y": 3.676900863647461, "z": 269.99505615234375}, "position": {"x": 0.48285821080207825, "y": 1.0382909774780273, "z": 0.6286907196044922}, "type": "Knife", "is_goal_object": true}, {"objectName": "Lettuce_21a9908e", "rotation": {"x": 0.14626334607601166, "y": 0.010900578461587429, "z": 1.1793701648712158}, "position": {"x": 0.6174108386039734, "y": 1.0905216932296753, "z": 0.670238733291626}, "type": "Lettuce", "is_goal_object": true}], "unrelated_objects": []}