{"scene": "FloorPlan9", "agent": {"position": {"x": -0.75, "y": 0.9009991884231567, "z": 1.25}, "rotation": {"x": -0.0, "y": 77.49880981445312, "z": 0.0}, "cameraHorizon": 30.000003814697266}, "objects": [{"objectName": "Knife_79ec5aa4", "rotation": {"x": 0.0014599529094994068, "y": 4.381587028503418, "z": 269.9909362792969}, "position": {"x": -0.15941235423088074, "y": 0.906940758228302, "z": 1.380943775177002}, "type": "Knife", "is_goal_object": true}, {"objectName": "Potato_c943dcfa", "rotation": {"x": 359.9394226074219, "y": 180.0466766357422, "z": 359.63006591796875}, "position": {"x": -0.3171943724155426, "y": 0.9373157024383545, "z": 1.293291687965393}, "type": "Potato", "is_goal_object": true}], "unrelated_objects": []}