{"scene": "FloorPlan8", "agent": {"position": {"x": -1.0, "y": 0.9009991884231567, "z": -0.5}, "rotation": {"x": 0.0, "y": 183.54257202148438, "z": 0.0}, "cameraHorizon": -0.0}, "objects": [{"objectName": "Egg_bc048e7c", "rotation": {"x": 0.3476336896419525, "y": 270.0010070800781, "z": 0.2678271532058716}, "position": {"x": -1.5328755378723145, "y": 0.9768357276916504, "z": -1.6044787168502808}, "type": "Egg", "is_goal_object": true}, {"objectName": "Pan_6861e3d6", "rotation": {"x": -2.0429833966773003e-05, "y": -0.00024808442685753107, "z": -0.0001843848149292171}, "position": {"x": -1.4310014247894287, "y": 0.9452813863754272, "z": -1.8099998235702515}, "type": "Pan", "is_goal_object": true}], "unrelated_objects": []}