{"scene": "FloorPlan25", "agent": {"position": {"x": -2.0, "y": 0.9009992480278015, "z": 1.75}, "rotation": {"x": 0.0, "y": 265.5597839355469, "z": 0.0, "cameraHorizon": -0.0}}, "objects": []}