{"scene": "FloorPlan7", "agent": {"position": {"x": 1.0, "y": 0.9009991884231567, "z": -0.75}, "rotation": {"x": 0.0, "y": 184.39772033691406, "z": 0.0}, "cameraHorizon": 30.00000762939453}, "objects": [{"objectName": "Mug_a7600f7c", "rotation": {"x": 0.002008161274716258, "y": 180.0008087158203, "z": 0.013921452686190605}, "position": {"x": 0.9480060338973999, "y": 0.9739179611206055, "z": -1.4260729551315308}, "type": "Mug", "is_goal_object": true}], "unrelated_objects": []}