{"scene": "FloorPlan9", "agent": {"position": {"x": 0.0, "y": 0.9009991884231567, "z": 0.0}, "rotation": {"x": -0.0, "y": 32.097618103027344, "z": 0.0}, "cameraHorizon": -0.0}, "objects": [{"objectName": "Egg_e3a017fe", "rotation": {"x": 294.88763427734375, "y": 99.42765808105469, "z": 351.4653625488281}, "position": {"x": 0.8411868214607239, "y": 0.9611131548881531, "z": 1.2631627321243286}, "type": "Egg", "is_goal_object": true}, {"objectName": "Pan_929daa11", "rotation": {"x": 0.12482447177171707, "y": 0.008263429626822472, "z": 359.734375}, "position": {"x": 0.6775586009025574, "y": 0.9604782462120056, "z": 1.345932960510254}, "type": "Pan", "is_goal_object": true}], "unrelated_objects": []}