{"scene": "FloorPlan28", "agent": {"position": {"x": -1.0, "y": 0.9009982347488403, "z": -2.75}, "rotation": {"x": -0.0, "y": 84.10435485839844, "z": 0.0}, "cameraHorizon": 30.000003814697266}, "objects": [{"objectName": "Tomato_33f36976", "rotation": {"x": 359.1076354980469, "y": 89.64981079101562, "z": 358.69183349609375}, "position": {"x": -0.49801427125930786, "y": 0.9861546754837036, "z": -2.698542833328247}, "type": "Tomato", "is_goal_object": true}, {"objectName": "Bowl_b6bf7e80", "rotation": {"x": 0.002344977343454957, "y": 0.00020554568618535995, "z": 0.03437281399965286}, "position": {"x": -0.39731237292289734, "y": 0.9312961101531982, "z": -2.8476204872131348}, "type": "Bowl", "is_goal_object": true}, {"objectName": "Fork_5b23470d", "rotation": {"x": 0.35848134756088257, "y": 329.983154296875, "z": 0.047999314963817596}, "position": {"x": -3.60768985748291, "y": 0.8264511227607727, "z": -3.0729269981384277}, "type": "Fork", "is_goal_object": false}, {"objectName": "Spatula_a7fde144", "rotation": {"x": 0.17247238755226135, "y": 44.998111724853516, "z": 0.8236525058746338}, "position": {"x": -1.034451961517334, "y": 0.9379323124885559, "z": -3.8779666423797607}, "type": "Spatula", "is_goal_object": false}], "unrelated_objects": []}