{"scene": "FloorPlan22", "agent": {"position": {"x": -0.5, "y": 0.9009991884231567, "z": -0.5}, "rotation": {"x": 0.0, "y": 184.1163330078125, "z": 0.0}, "cameraHorizon": 30.00000762939453}, "objects": [{"objectName": "Bread_b982515e", "rotation": {"x": -0.0, "y": 0.0, "z": 0.0}, "position": {"x": -0.5563108921051025, "y": 0.9546046257019043, "z": -1.2824485301971436}, "type": "Bread", "is_goal_object": true}], "unrelated_objects": []}