{"scene": "FloorPlan14", "agent": {"position": {"x": 1.0, "y": 0.9009991884231567, "z": -0.75}, "rotation": {"x": -0.0, "y": 173.2901611328125, "z": 0.0}, "cameraHorizon": 29.999998092651367}, "objects": [{"objectName": "Sink_75a6fc4f", "rotation": {"x": -0.0, "y": 2.5044780613825424e-06, "z": -0.0}, "position": {"x": 1.100000023841858, "y": 0.906000018119812, "z": -1.5999999046325684}, "type": "Sink", "is_goal_object": true}, {"objectName": "Plate_65e12cac", "rotation": {"x": 6.34733441984281e-05, "y": 89.99778747558594, "z": 1.5911915397737175e-05}, "position": {"x": 1.6106513738632202, "y": 0.9003273844718933, "z": -1.3542892932891846}, "type": "Plate", "is_goal_object": true}, {"objectName": "Faucet_9dd18a32", "rotation": {"x": -0.0, "y": -5.4641506721964106e-05, "z": 0.0}, "position": {"x": 1.100000023841858, "y": 0.9070000052452087, "z": -1.8480000495910645}, "type": "Faucet", "is_goal_object": true}], "unrelated_objects": []}