{"scene": "FloorPlan16", "agent": {"position": {"x": 0.0, "y": 0.9037266969680786, "z": 1.25}, "rotation": {"x": 0.0, "y": 276.6912536621094, "z": 0.0}, "cameraHorizon": 30.000003814697266}, "objects": [{"objectName": "Sink_4c7c2356", "rotation": {"x": -0.0, "y": 0.0, "z": 0.0}, "position": {"x": -0.7160000205039978, "y": 1.0230000019073486, "z": 1.3339999914169312}, "type": "Sink", "is_goal_object": true}, {"objectName": "Bowl_d6bbc222", "rotation": {"x": -0.0011719088070094585, "y": 270.1026916503906, "z": -0.00014028282021172345}, "position": {"x": -0.7160000801086426, "y": 0.8573524951934814, "z": 1.3339999914169312}, "type": "Bowl", "is_goal_object": true}, {"objectName": "Faucet_f7d8a5d8", "rotation": {"x": -0.0, "y": 90.0, "z": -0.0}, "position": {"x": -1.1200000047683716, "y": 1.0134999752044678, "z": 1.3389999866485596}, "type": "Faucet", "is_goal_object": true}], "unrelated_objects": []}