{"scene": "FloorPlan29", "agent": {"position": {"x": -0.5, "y": 0.9317981004714966, "z": -0.75}, "rotation": {"x": 0.0, "y": 182.8029327392578, "z": 0.0}, "cameraHorizon": -0.0}, "objects": [{"objectName": "Bread_29_Slice_1", "rotation": {"x": -4.061300933244638e-05, "y": 8.378283500671387, "z": 2.7296259759168606e-06}, "position": {"x": -0.2635010778903961, "y": 1.10306978225708, "z": -1.4038118124008179}, "type": "Bread", "is_goal_object": true}, {"objectName": "Toaster_a7a8c4e6", "rotation": {"x": -1.3871900591766462e-05, "y": 359.9868469238281, "z": -1.2303086805331986e-05}, "position": {"x": -0.5502563118934631, "y": 1.0358017683029175, "z": -1.7764889001846313}, "type": "Toaster", "is_goal_object": true}, {"objectName": "Bread_9475b2d6", "rotation": {"x": 6.373083306243643e-05, "y": 8.378195762634277, "z": -0.0001443441433366388}, "position": {"x": -0.27726149559020996, "y": 1.108755111694336, "z": -1.497007131576538}, "type": "Bread", "is_goal_object": true}], "unrelated_objects": []}