{"scene": "FloorPlan24", "agent": {"position": {"x": 0.25, "y": 0.9009992480278015, "z": 2.25}, "rotation": {"x": -0.0, "y": 125.95952606201172, "z": 0.0}, "cameraHorizon": 30.000001907348633}, "objects": [{"objectName": "Pot_2b2cd799", "rotation": {"x": -0.0, "y": 0.0, "z": 0.0}, "position": {"x": 0.9132999777793884, "y": 0.8508000373840332, "z": 1.7688000202178955}, "type": "Pot", "is_goal_object": true}], "unrelated_objects": []}