{"scene": "FloorPlan15", "agent": {"position": {"x": -2.75, "y": 0.914953351020813, "z": 3.0}, "rotation": {"x": 0.0, "y": 298.0046691894531, "z": 0.0, "cameraHorizon": -0.0}}, "objects": []}