{"scene": "FloorPlan14", "agent": {"position": {"x": 1.0, "y": 0.9009991884231567, "z": -0.75}, "rotation": {"x": -0.0, "y": 173.2901611328125, "z": 0.0}, "cameraHorizon": 29.999998092651367}, "objects": [{"objectName": "Sink_75a6fc4f", "rotation": {"x": -0.0, "y": 2.5044780613825424e-06, "z": -0.0}, "position": {"x": 1.100000023841858, "y": 0.906000018119812, "z": -1.5999999046325684}, "type": "Sink", "is_goal_object": true}, {"objectName": "Pot_970f1a3b", "rotation": {"x": 0.04027916118502617, "y": 180.0839080810547, "z": 0.04457445442676544}, "position": {"x": 1.5424238443374634, "y": 0.9020678997039795, "z": -1.4393261671066284}, "type": "Pot", "is_goal_object": true}, {"objectName": "Faucet_9dd18a32", "rotation": {"x": -0.0, "y": -5.4641506721964106e-05, "z": 0.0}, "position": {"x": 1.100000023841858, "y": 0.9070000052452087, "z": -1.8480000495910645}, "type": "Faucet", "is_goal_object": true}], "unrelated_objects": []}