{"scene": "FloorPlan22", "agent": {"position": {"x": -1.25, "y": 0.9009991884231567, "z": -0.5}, "rotation": {"x": 0.0, "y": 186.18748474121094, "z": 0.0}, "cameraHorizon": 30.000003814697266}, "objects": [{"objectName": "Sink_0733f896", "rotation": {"x": -1.4033420794510015e-14, "y": 0.00016733963275328279, "z": 7.392953987725569e-22}, "position": {"x": -1.3286000490188599, "y": 0.9169999957084656, "z": -1.225000023841858}, "type": "Sink", "is_goal_object": true}, {"objectName": "Faucet_05217277", "rotation": {"x": -0.0, "y": 0.00020832075097132474, "z": -0.0}, "position": {"x": -1.3301000595092773, "y": 0.9093000292778015, "z": -1.4733999967575073}, "type": "Faucet", "is_goal_object": true}, {"objectName": "Bowl_d5198eb0", "rotation": {"x": 0.6174205541610718, "y": -0.0017003671964630485, "z": 4.00464391708374}, "position": {"x": -1.8458244800567627, "y": 0.9059945344924927, "z": -0.9861648678779602}, "type": "Bowl", "is_goal_object": true}], "unrelated_objects": []}