{"scene": "FloorPlan13", "agent": {"position": {"x": -2.5, "y": 0.8995018601417542, "z": 2.5}, "rotation": {"x": -0.0, "y": 166.55999755859375, "z": 0.0}, "cameraHorizon": 30.000003814697266}, "objects": [{"objectName": "Potato_38822141", "rotation": {"x": 0.0008997572585940361, "y": 1.864979822130408e-05, "z": -0.0034048487432301044}, "position": {"x": -2.4007205963134766, "y": 0.9616900086402893, "z": 2.0845556259155273}, "type": "Potato", "is_goal_object": true}, {"objectName": "Pot_28d3f095", "rotation": {"x": 1.148450493812561, "y": 268.5198059082031, "z": 359.6567687988281}, "position": {"x": -2.4733474254608154, "y": 0.9285588264465332, "z": 1.7024524211883545}, "type": "Pot", "is_goal_object": true}], "unrelated_objects": []}