{"scene": "FloorPlan4", "agent": {"position": {"x": -1.25, "y": 0.9009998440742493, "z": 2.75}, "rotation": {"x": -0.0, "y": 83.54320526123047, "z": 0.0}, "cameraHorizon": -0.0}, "objects": [{"objectName": "Bread_4_Slice_1", "rotation": {"x": 0.016346333548426628, "y": -7.506031124648871e-06, "z": 359.9937438964844}, "position": {"x": -0.2969239056110382, "y": 1.1168590784072876, "z": 2.518991470336914}, "type": "Bread", "is_goal_object": true}, {"objectName": "Bread_3f555286", "rotation": {"x": -1.0294533012711327e-06, "y": -7.844389983802103e-06, "z": -2.1837402528035454e-05}, "position": {"x": -0.2969326972961426, "y": 1.1191587448120117, "z": 2.5189685821533203}, "type": "Bread", "is_goal_object": true}, {"objectName": "Toaster_2736406d", "rotation": {"x": -6.74654365866445e-05, "y": 270.000732421875, "z": 0.00014805923274252564}, "position": {"x": -0.2250102013349533, "y": 1.038242220878601, "z": 2.865999937057495}, "type": "Toaster", "is_goal_object": true}], "unrelated_objects": []}