{"scene": "FloorPlan22", "agent": {"position": {"x": -2.0, "y": 0.9009991884231567, "z": -0.5}, "rotation": {"x": 0.0, "y": 239.92269897460938, "z": 0.0, "cameraHorizon": -0.0}}, "objects": []}