{"scene": "FloorPlan7", "agent": {"position": {"x": 1.25, "y": 0.9009991884231567, "z": -0.75}, "rotation": {"x": 0.0, "y": 186.56053161621094, "z": 0.0}, "cameraHorizon": -0.0}, "objects": [{"objectName": "Microwave_f6cfa11d", "rotation": {"x": 0.025913454592227936, "y": 0.00838320143520832, "z": -0.004433752037584782}, "position": {"x": 1.1505259275436401, "y": 1.6551098823547363, "z": -1.6149470806121826}, "type": "Microwave", "is_goal_object": true}, {"objectName": "Bread_68d3e43b", "rotation": {"x": 0.05388429015874863, "y": 0.03358915448188782, "z": 358.0756530761719}, "position": {"x": 1.1192498207092285, "y": 1.037269115447998, "z": -1.590384840965271}, "type": "Bread", "is_goal_object": true}], "unrelated_objects": []}