{"scene": "FloorPlan29", "agent": {"position": {"x": 1.25, "y": 0.9317981004714966, "z": -0.25}, "rotation": {"x": 0.0, "y": 355.4815368652344, "z": 0.0, "cameraHorizon": -0.0}}, "objects": []}