{"scene": "FloorPlan16", "agent": {"position": {"x": -0.5, "y": 0.9037266969680786, "z": 3.0}, "rotation": {"x": 0.0, "y": 213.63832092285156, "z": 0.0}, "cameraHorizon": -0.0}, "objects": [{"objectName": "Bread_16_Slice_1", "rotation": {"x": -1.0869256584555842e-05, "y": 269.90264892578125, "z": 4.977047865395434e-05}, "position": {"x": -0.6886234283447266, "y": 1.0835669040679932, "z": 2.3054275512695312}, "type": "Bread", "is_goal_object": true}, {"objectName": "Toaster_8432aa90", "rotation": {"x": -0.00015871459618210793, "y": 89.99954986572266, "z": -0.00010400243627373129}, "position": {"x": -1.007006049156189, "y": 1.0181611776351929, "z": 2.2380008697509766}, "type": "Toaster", "is_goal_object": true}, {"objectName": "Bread_1ae0572f", "rotation": {"x": 355.6674499511719, "y": 269.9449157714844, "z": 359.7439270019531}, "position": {"x": -0.6022650003433228, "y": 1.0970267057418823, "z": 2.3058905601501465}, "type": "Bread", "is_goal_object": true}], "unrelated_objects": []}