{"scene": "FloorPlan15", "agent": {"position": {"x": -2.75, "y": 0.914953351020813, "z": 3.25}, "rotation": {"x": -0.0, "y": 6.725290775299072, "z": 0.0}, "cameraHorizon": -0.0}, "objects": [{"objectName": "Bread_15_Slice_1", "rotation": {"x": 0.019272595643997192, "y": 6.894706893945113e-05, "z": 2.8815617042710073e-05}, "position": {"x": -2.2194881439208984, "y": 0.9881508946418762, "z": 4.086770057678223}, "type": "Bread", "is_goal_object": true}, {"objectName": "Bread_ad65dbdd", "rotation": {"x": 0.019852647557854652, "y": 7.578453369205818e-05, "z": 1.1898993761860766e-05}, "position": {"x": -2.219325065612793, "y": 0.9872742891311646, "z": 4.0325703620910645}, "type": "Bread", "is_goal_object": true}, {"objectName": "Toaster_5dcd195b", "rotation": {"x": 359.98016357421875, "y": 180.00003051757812, "z": 8.620959306426812e-06}, "position": {"x": -2.654012680053711, "y": 0.9025557637214661, "z": 4.064000129699707}, "type": "Toaster", "is_goal_object": true}], "unrelated_objects": []}