{"scene": "FloorPlan30", "agent": {"position": {"x": 2.5, "y": 0.9277886152267456, "z": -1.0}, "rotation": {"x": -0.0, "y": 80.67503356933594, "z": 0.0}, "cameraHorizon": 30.000003814697266}, "objects": [{"objectName": "Bread_665b302c", "rotation": {"x": -0.0, "y": 90.0, "z": -0.0}, "position": {"x": 3.122210741043091, "y": 0.9685958623886108, "z": -0.8978307843208313}, "type": "Bread", "is_goal_object": true}], "unrelated_objects": []}