{"scene": "FloorPlan8", "agent": {"position": {"x": -2.5, "y": 0.9009991884231567, "z": -1.75}, "rotation": {"x": -0.0, "y": 112.6784439086914, "z": 0.0}, "cameraHorizon": 30.00000762939453}, "objects": [{"objectName": "Knife_42181f82", "rotation": {"x": 0.003730563912540674, "y": 3.975597381591797, "z": 269.9796447753906}, "position": {"x": -2.1554462909698486, "y": 0.9069381356239319, "z": -1.8819347620010376}, "type": "Knife", "is_goal_object": true}, {"objectName": "Lettuce_89bcbd5a", "rotation": {"x": 9.022412300109863, "y": 359.9066162109375, "z": 359.4169616699219}, "position": {"x": -2.0313100814819336, "y": 0.9525764584541321, "z": -1.8309434652328491}, "type": "Lettuce", "is_goal_object": true}], "unrelated_objects": []}