{"scene": "FloorPlan22", "agent": {"position": {"x": 0.5, "y": 0.9009991884231567, "z": 0.25}, "rotation": {"x": -0.0, "y": 40.924217224121094, "z": 0.0}, "cameraHorizon": 30.00000762939453}, "objects": [{"objectName": "Apple_39b9383e", "rotation": {"x": 359.6753234863281, "y": 45.67354202270508, "z": 359.9021911621094}, "position": {"x": 0.8662574291229248, "y": 1.154395341873169, "z": 0.6724581718444824}, "type": "Apple", "is_goal_object": true}, {"objectName": "Plate_c75bde4d", "rotation": {"x": 359.95147705078125, "y": 315.0010070800781, "z": 0.07923103868961334}, "position": {"x": 0.6828053593635559, "y": 1.1017178297042847, "z": 0.5755738019943237}, "type": "Plate", "is_goal_object": true}]}
