{"scene": "FloorPlan18", "agent": {"position": {"x": 0.75, "y": 0.9009994864463806, "z": 1.0}, "rotation": {"x": -0.0, "y": 148.86741638183594, "z": 0.0}, "cameraHorizon": 30.000003814697266}, "objects": [{"objectName": "Apple_91415d28", "rotation": {"x": -0.0, "y": 0.0, "z": 0.0}, "position": {"x": 1.2251495122909546, "y": 1.0644536018371582, "z": 0.2133474349975586}, "type": "Apple", "is_goal_object": true}], "unrelated_objects": []}