{"scene": "FloorPlan3", "agent": {"position": {"x": 0.0, "y": 1.123205542564392, "z": -2.25}, "rotation": {"x": -0.0, "y": 85.05262756347656, "z": 0.0}, "cameraHorizon": -0.0}, "objects": [{"objectName": "Bread_14bde010", "rotation": {"x": -0.0001340827438980341, "y": 0.865617573261261, "z": -0.00103146827314049}, "position": {"x": 0.6864680647850037, "y": 1.380915880203247, "z": -2.398829460144043}, "type": "Bread", "is_goal_object": true}, {"objectName": "Microwave_bf480715", "rotation": {"x": 0.005032119806855917, "y": 269.97174072265625, "z": 0.001820394303649664}, "position": {"x": 0.9940561652183533, "y": 1.310349941253662, "z": -2.1639513969421387}, "type": "Microwave", "is_goal_object": true}], "unrelated_objects": []}