{"scene": "FloorPlan11", "agent": {"position": {"x": -1.25, "y": 0.9009991884231567, "z": -1.0}, "rotation": {"x": 0.0, "y": 188.1485137939453, "z": 0.0}, "cameraHorizon": 30.00000762939453}, "objects": [{"objectName": "Plate_cce9e8b3", "rotation": {"x": 0.013501392677426338, "y": 0.0003512715338729322, "z": 0.009273853152990341}, "position": {"x": -1.0464708805084229, "y": 0.9001672863960266, "z": -1.4890373945236206}, "type": "Plate", "is_goal_object": true}, {"objectName": "Apple_36134545", "rotation": {"x": 6.700541019439697, "y": 88.62311553955078, "z": 90.1521224975586}, "position": {"x": -1.3121733665466309, "y": 0.952335774898529, "z": -1.4202609062194824}, "type": "Apple", "is_goal_object": true}], "unrelated_objects": []}