{"scene": "FloorPlan13", "agent": {"position": {"x": -3.5, "y": 0.8995018601417542, "z": 2.5}, "rotation": {"x": 0.0, "y": 186.09288024902344, "z": 0.0}, "cameraHorizon": -0.0}, "objects": [{"objectName": "Bread_13_Slice_1", "rotation": {"x": 357.10321044921875, "y": 90.03065490722656, "z": 0.05296985059976578}, "position": {"x": -3.0627684593200684, "y": 1.001804232597351, "z": 1.7896654605865479}, "type": "Bread", "is_goal_object": true}, {"objectName": "Bread_c2b584b3", "rotation": {"x": 358.0898742675781, "y": 90.03424072265625, "z": 359.9785461425781}, "position": {"x": -3.125845432281494, "y": 1.0026295185089111, "z": 1.7894519567489624}, "type": "Bread", "is_goal_object": true}, {"objectName": "Toaster_c658f54b", "rotation": {"x": -0.0007323753670789301, "y": -0.00013230778858996928, "z": 0.000455795117886737}, "position": {"x": -3.578623056411743, "y": 0.9122132062911987, "z": 1.7634400129318237}, "type": "Toaster", "is_goal_object": true}], "unrelated_objects": []}