{"scene": "FloorPlan13", "agent": {"position": {"x": -1.0, "y": 0.8995019197463989, "z": 4.5}, "rotation": {"x": -0.0, "y": 75.19145202636719, "z": 0.0}, "cameraHorizon": 30.000001907348633}, "objects": [{"objectName": "Lettuce_18cb7485", "rotation": {"x": -0.0, "y": 0.0, "z": 0.0}, "position": {"x": -0.5650060176849365, "y": 1.009415626525879, "z": 4.614999771118164}, "type": "Lettuce", "is_goal_object": true}], "unrelated_objects": []}