{"scene": "FloorPlan8", "agent": {"position": {"x": 0.5, "y": 0.9009991884231567, "z": 0.5}, "rotation": {"x": -0.0, "y": 101.00350952148438, "z": 0.0, "cameraHorizon": -0.0}}, "objects": []}