{"scene": "FloorPlan20", "agent": {"position": {"x": -0.0, "y": 0.9009991884231567, "z": -1.25}, "rotation": {"x": 0.0, "y": 188.23562622070312, "z": 0.0}, "cameraHorizon": 30.00000762939453}, "objects": [{"objectName": "Sink_549cd08d", "rotation": {"x": -0.0, "y": 2.5044780613825424e-06, "z": -0.0}, "position": {"x": -0.10999999940395355, "y": 0.8930000066757202, "z": -2.009999990463257}, "type": "Sink", "is_goal_object": true}, {"objectName": "Mug_58f119d4", "rotation": {"x": 0.0008325497037731111, "y": 180.00204467773438, "z": -0.0007995879277586937}, "position": {"x": -0.10999787598848343, "y": 0.766549289226532, "z": -2.010000228881836}, "type": "Mug", "is_goal_object": true}, {"objectName": "Faucet_4aba0339", "rotation": {"x": -0.0, "y": 4.781131792697124e-05, "z": -0.0}, "position": {"x": -0.1445000022649765, "y": 0.8977000117301941, "z": -2.2922000885009766}, "type": "Faucet", "is_goal_object": true}], "unrelated_objects": []}