{"scene": "FloorPlan30", "agent": {"position": {"x": -0.25, "y": 0.9277887344360352, "z": -0.5}, "rotation": {"x": 0.0, "y": 272.86663818359375, "z": 0.0}, "cameraHorizon": 30.00000762939453}, "objects": [{"objectName": "Lettuce_8a111870", "rotation": {"x": 0.5358116030693054, "y": 135.4174346923828, "z": 1.6072614192962646}, "position": {"x": -0.7818371057510376, "y": 0.9356468915939331, "z": -0.47332391142845154}, "type": "Lettuce", "is_goal_object": true}, {"objectName": "Bowl_69fe8bbb", "rotation": {"x": 0.011205642484128475, "y": 225.00088500976562, "z": 0.02544126659631729}, "position": {"x": -0.7020775079727173, "y": 0.8728625178337097, "z": -0.7263630032539368}, "type": "Bowl", "is_goal_object": true}, {"objectName": "Glassbottle_b34581a9", "rotation": {"x": 0.007521714083850384, "y": 45.0003547668457, "z": 359.992919921875}, "position": {"x": -1.0943737030029297, "y": 0.8732292652130127, "z": -0.7428969144821167}, "type": "Bottle", "is_goal_object": false}, {"objectName": "Ladle_7069fa47", "rotation": {"x": 349.2757263183594, "y": 358.0776672363281, "z": 27.421457290649414}, "position": {"x": 0.31973615288734436, "y": 0.8975500464439392, "z": -1.5237449407577515}, "type": "Ladle", "is_goal_object": false}], "unrelated_objects": []}