{"scene": "FloorPlan2", "agent": {"position": {"x": 0.75, "y": 0.9009992480278015, "z": 0.25}, "rotation": {"x": 0.0, "y": 264.6031799316406, "z": 0.0}, "cameraHorizon": 30.00000762939453}, "objects": [{"objectName": "Plate_343544da", "rotation": {"x": 0.01759977638721466, "y": -8.966707537183538e-05, "z": -0.004422955214977264}, "position": {"x": -0.10661151260137558, "y": 0.9170523881912231, "z": 0.27390071749687195}, "type": "Plate", "is_goal_object": true}, {"objectName": "Apple_9585f63f", "rotation": {"x": 359.5760192871094, "y": 270.0072937011719, "z": 0.02066130004823208}, "position": {"x": 0.1429215520620346, "y": 0.9676551222801208, "z": 0.19264812767505646}, "type": "Apple", "is_goal_object": true}], "unrelated_objects": []}