{"scene": "FloorPlan9", "agent": {"position": {"x": 0.5, "y": 0.9009991884231567, "z": 0.5}, "rotation": {"x": -0.0, "y": 1.9040066003799438, "z": 0.0}, "cameraHorizon": -0.0}, "objects": [{"objectName": "Egg_e3a017fe", "rotation": {"x": 359.6775817871094, "y": -0.0003592956636566669, "z": 0.0006758850649930537}, "position": {"x": 0.5033560991287231, "y": 0.9653984308242798, "z": 1.3999152183532715}, "type": "Egg", "is_goal_object": true}, {"objectName": "Microwave_6e706e4d", "rotation": {"x": 0.001946604810655117, "y": 179.998046875, "z": 5.7623292377684265e-05}, "position": {"x": 0.531124472618103, "y": 1.6750009059906006, "z": 1.4362596273422241}, "type": "Microwave", "is_goal_object": true}], "unrelated_objects": []}