{"scene": "FloorPlan27", "agent": {"position": {"x": 1.25, "y": 0.9010001420974731, "z": 1.5}, "rotation": {"x": -0.0, "y": 95.14552307128906, "z": 0.0}, "cameraHorizon": 30.000003814697266}, "objects": [{"objectName": "Potato_996744db", "rotation": {"x": 0.30307844281196594, "y": 359.5969543457031, "z": 4.820127964019775}, "position": {"x": 1.7764625549316406, "y": 0.9742726683616638, "z": 1.4525928497314453}, "type": "Potato", "is_goal_object": true}, {"objectName": "Pot_15089df0", "rotation": {"x": 0.004024263005703688, "y": 180.0003204345703, "z": -0.0004876885504927486}, "position": {"x": 2.140199661254883, "y": 0.9329394102096558, "z": 1.5045050382614136}, "type": "Pot", "is_goal_object": true}]}
