{"scene": "FloorPlan16", "agent": {"position": {"x": 0.0, "y": 0.9037266969680786, "z": 2.0}, "rotation": {"x": 0.0, "y": 279.50146484375, "z": 0.0}, "cameraHorizon": 30.000001907348633}, "objects": [{"objectName": "Plate_7d90d897", "rotation": {"x": 0.017514394596219063, "y": -0.00012040990986861289, "z": 0.015281496569514275}, "position": {"x": -0.4189119040966034, "y": 1.0182592868804932, "z": 2.189000368118286}, "type": "Plate", "is_goal_object": true}, {"objectName": "Bread_1ae0572f", "rotation": {"x": 0.05508675426244736, "y": 18.50826072692871, "z": 358.7622985839844}, "position": {"x": -0.6827713251113892, "y": 1.0855869054794312, "z": 2.114274501800537}, "type": "Bread", "is_goal_object": true}], "unrelated_objects": []}