{"scene": "FloorPlan2", "agent": {"position": {"x": -0.0, "y": 0.9009992480278015, "z": -0.75}, "rotation": {"x": -0.0, "y": 180.0, "z": 0.0}, "cameraHorizon": 30.000003814697266}, "objects": [{"objectName": "Sink_b29c6436", "rotation": {"x": -0.0, "y": 0.0, "z": 0.0}, "position": {"x": 0.0, "y": 0.8939999938011169, "z": -1.434999942779541}, "type": "Sink", "is_goal_object": true}, {"objectName": "Mug_a894633b", "rotation": {"x": -0.00022331894433591515, "y": 89.99993133544922, "z": -0.00035621007555164397}, "position": {"x": -0.5072429776191711, "y": 0.9000006914138794, "z": -1.2599892616271973}, "type": "Mug", "is_goal_object": true}, {"objectName": "Faucet_0f2a3a65", "rotation": {"x": -0.0, "y": -5.4641506721964106e-05, "z": 0.0}, "position": {"x": 0.0, "y": 0.9064000248908997, "z": -1.68149995803833}, "type": "Faucet", "is_goal_object": true}], "unrelated_objects": []}