{"scene": "FloorPlan4", "agent": {"position": {"x": -1.5, "y": 0.9009997248649597, "z": 1.0}, "rotation": {"x": -0.0, "y": 169.29833984375, "z": 0.0}, "cameraHorizon": 30.000003814697266}, "objects": [{"objectName": "Sink_be944513", "rotation": {"x": -0.0, "y": 0.0, "z": 0.0}, "position": {"x": -1.3940000534057617, "y": 0.9829999804496765, "z": 0.4390999972820282}, "type": "Sink", "is_goal_object": true}, {"objectName": "Bowl_4d556ad9", "rotation": {"x": 0.00035602287971414626, "y": -0.00011611462105065584, "z": -0.0004773395194206387}, "position": {"x": -1.3939998149871826, "y": 0.9506399035453796, "z": 0.4390999972820282}, "type": "Bowl", "is_goal_object": true}, {"objectName": "Faucet_8bf9f82a", "rotation": {"x": -0.0, "y": 0.0001724622561596334, "z": -0.0}, "position": {"x": -1.3700000047683716, "y": 1.1430000066757202, "z": 0.12999999523162842}, "type": "Faucet", "is_goal_object": true}], "unrelated_objects": []}