{"scene": "FloorPlan8", "agent": {"position": {"x": -2.5, "y": 0.9009991884231567, "z": -1.75}, "rotation": {"x": -0.0, "y": 85.4798355102539, "z": 0.0}, "cameraHorizon": 30.00000762939453}, "objects": [{"objectName": "Knife_42181f82", "rotation": {"x": 0.0031474365387111902, "y": 184.20616149902344, "z": 269.9840087890625}, "position": {"x": -1.9244953393936157, "y": 0.9069336652755737, "z": -1.7045034170150757}, "type": "Knife", "is_goal_object": true}, {"objectName": "Apple_6dd22d0f", "rotation": {"x": 0.004021713510155678, "y": -0.0, "z": -0.0}, "position": {"x": -1.7623132467269897, "y": 0.9372264742851257, "z": -1.6590834856033325}, "type": "Apple", "is_goal_object": true}], "unrelated_objects": []}