{"scene": "FloorPlan29", "agent": {"position": {"x": 0.5, "y": 0.9317981004714966, "z": -0.75}, "rotation": {"x": 0.0, "y": 187.15545654296875, "z": 0.0, "cameraHorizon": -0.0}}, "objects": []}